Relay URL,Latitude,Longitude
bitchat.nostr1.com,40.7057,-74.0136
nostr.2b9t.xyz,34.0549,-118.243
nostr.chaima.info,51.5072,-0.127586
nosflare-leefcore.leefcore.workers.dev,43.6532,-79.3832
relay.lightning.pub,39.0438,-77.4874
nostr.whitenode45.ddns.net,40.55,-74.4758
relay2.veganostr.com,60.1699,24.9384
offchain.pub,39.1585,-94.5728
bcast.girino.org,43.6532,-79.3832
staging.yabu.me,35.6092,139.73
bridge.tagomago.me,42.3601,-71.0589
nostr-01.yakihonne.com,1.32123,103.695
strfry.bonsai.com,39.0438,-77.4874
relay.sharegap.net,43.6532,-79.3832
nostr.islandarea.net,35.4669,-97.6473
dm-test-strfry-generic.samt.st,43.6532,-79.3832
treuzkas.branruz.com,48.8575,2.35138
vault.iris.to:443,43.6532,-79.3832
node.kommonzenze.de,49.4521,11.0767
soloco.nl,43.6532,-79.3832
strfry.shock.network,39.0438,-77.4874
public.crostr.com:443,43.6532,-79.3832
nostr.sathoarder.com:443,48.5734,7.75211
relay.angor.io,48.1046,11.6002
relay.wellorder.net,45.5201,-122.99
relay.mwaters.net,50.9871,2.12554
nostr-verified.wellorder.net,45.5201,-122.99
nostr-pub.wellorder.net,45.5201,-122.99
relay.kaleidoswap.com,50.8476,4.35717
relay.manneken.brussels,49.4543,11.0746
relay.lanacoin-eternity.com:443,40.8302,-74.1299
relay.loveisbitcoin.com,43.6532,-79.3832
relay02.lnfi.network,35.6764,139.65
relay.paulstephenborile.com,49.4543,11.0746
relay.froth.zone,60.1699,24.9384
relay.nostr.blockhenge.com,39.0438,-77.4874
nostr.snowbla.de:443,50.4754,12.3683
bucket.coracle.social,37.7775,-122.397
relay.aarpia.com,37.3986,-121.964
relay.trotters.cc,43.6532,-79.3832
relay.nostr.net,43.6532,-79.3832
chat-relay.zap-work.com,43.6532,-79.3832
relay.ditto.pub,43.6532,-79.3832
relay.veganostr.com,60.1699,24.9384
adre.su,59.9311,30.3609
relay-fra.zombi.cloudrodion.com,48.8566,2.35222
nostr.88mph.life,52.1941,-2.21905
nostr.planix.org,43.6532,-79.3832
relay.satsmarkt.club,52.6907,4.8181
nostr.data.haus,50.4754,12.3683
relay.gulugulu.moe:443,43.6532,-79.3832
relay.zone667.com,60.1699,24.9384
nostr.wild-vibes.ts.net,48.8566,2.35222
relay.nostr.com,50.1109,8.68213
relay.nostrian-conquest.com,41.223,-111.974
relay.aidatanorge.no,43.6532,-79.3832
nostr.data.haus:443,50.4754,12.3683
testr.nymble.world,40.8054,-74.0241
relay.nostrmap.net:443,60.1699,24.9384
nostr.stakey.net:443,52.3676,4.90414
dev-relay.nostreon.com,60.1699,24.9384
nostr.islandarea.net:443,35.4669,-97.6473
nostr.rtvslawenia.com,49.4543,11.0746
relay.bowlafterbowl.com,32.9483,-96.7299
relay.plebeian.market,50.1109,8.68213
relay.getsafebox.app:443,43.6532,-79.3832
nostr.thebiglake.org,32.71,-96.6745
nostr-kyomu-haskell.onrender.com,37.7775,-122.397
relay.nostriot.com,41.5695,-83.9786
relay.btcforplebs.com,43.6532,-79.3832
nostr.tagomago.me,42.3601,-71.0589
relayone.geektank.ai,39.0997,-94.5786
nostr.liberty.fans,36.8767,-89.5879
relay.layer.systems,49.0291,8.35695
relay.paulstephenborile.com:443,49.4543,11.0746
relay.ohstr.com,43.6532,-79.3832
nostr-relay.xbytez.io:443,50.6924,3.20113
nostr.21crypto.ch,47.5356,8.73209
relay.keykeeper.world,40.7824,-74.0711
relay.getvia.xyz,60.1699,24.9384
relay.nuts.cash,52.3676,4.90414
relay.minibolt.info,43.6532,-79.3832
relay.dwadziesciajeden.pl,52.2297,21.0122
relay.fountain.fm,43.6532,-79.3832
nostr-02.uid.ovh,50.9871,2.12554
relay.artio.inf.unibe.ch,46.9501,7.43678
relay.binaryrobot.com,43.6532,-79.3832
relay.earthly.city,34.1749,-118.54
offchain.pub:443,39.1585,-94.5728
relay.bullishbounty.com:443,43.6532,-79.3832
cs-relay.nostrdev.com:443,50.4754,12.3683
strfry.ymir.cloud,43.6532,-79.3832
relay.directsponsor.net,42.8864,-78.8784
nostr2.girino.org,43.6532,-79.3832
relay.sigit.io:443,50.4754,12.3683
relay.getsafebox.app,43.6532,-79.3832
nostr.sathoarder.com,48.5734,7.75211
inbox.scuba323.com,40.8218,-74.45
nostr.tac.lol,47.4748,-122.273
nostr.davenov.com,50.1109,8.68213
relay.trotters.cc:443,43.6532,-79.3832
nostr.plantroon.com:443,50.1013,8.62643
nostr.easycryptosend.it,43.6532,-79.3832
nostr-01.yakihonne.com:443,1.32123,103.695
relay-testnet.k8s.layer3.news,37.3387,-121.885
nostr.purpura.cloud,43.6532,-79.3832
nostr.2b9t.xyz:443,34.0549,-118.243
relay.wavlake.com:443,41.2619,-95.8608
relay.wisp.talk:443,49.4543,11.0746
relay.satlantis.io,39.0438,-77.4874
relay.staging.plebeian.market,51.5072,-0.127586
relay.nostrhub.fr,48.1045,11.6004
nostr-relay.xbytez.io,50.6924,3.20113
relay.binaryrobot.com:443,43.6532,-79.3832
relay.samt.st,40.8302,-74.1299
relay.illuminodes.com,43.6532,-79.3832
relay.liberbitworld.org,43.6532,-79.3832
no.str.cr,8.96171,-83.5246
dm-test-strfry-discovery.samt.st,43.6532,-79.3832
nostr.plantroon.com,50.1013,8.62643
nostr-01.uid.ovh,50.9871,2.12554
nostr.pbfs.io:443,50.4754,12.3683
nostr.4rs.nl,49.0291,8.35696
relay.lanavault.space,60.1699,24.9384
nostr.mom,50.4754,12.3683
relay.decentralia.fr,48.122,11.589
relay.agentry.com,42.8864,-78.8784
relay2.angor.io,48.1046,11.6002
relay-us.zombi.cloudrodion.com,40.7862,-74.0743
relay.vrtmrz.net:443,43.6532,-79.3832
relay.beginningend.com,35.2227,-97.4786
chat-relay.zap-work.com:443,43.6532,-79.3832
relay.underorion.se,50.1109,8.68213
relay.mitchelltribe.com,39.0438,-77.4874
relay.cyberguy.fyi,52.6907,4.8181
strfry.bonsai.com:443,39.0438,-77.4874
relayone.soundhsa.com:443,39.0997,-94.5786
relay.sigit.io,50.4754,12.3683
relayrs.notoshi.win,43.6532,-79.3832
relay.mitchelltribe.com:443,39.0438,-77.4874
relay.44billion.net,43.6532,-79.3832
reraw.pbla2fish.cc,43.6532,-79.3832
articles.layer3.news:443,37.3387,-121.885
relay.nostx.io,43.6532,-79.3832
relay.ohstr.com:443,43.6532,-79.3832
nostr-relay.cbrx.io,43.6532,-79.3832
relay.wavlake.com,41.2619,-95.8608
fanfares.nostr1.com:443,40.7057,-74.0136
relay.flashapp.me,43.6548,-79.3885
nostr.azzamo.net,52.2633,21.0283
nexus.libernet.app,43.6532,-79.3832
schnorr.me,43.6532,-79.3832
relay.dyne.org,49.0291,8.35705
no.str.cr:443,8.96171,-83.5246
relay.edufeed.org:443,49.4521,11.0767
nostr.debate.report,50.1109,8.68213
relay-dev.gulugulu.moe,43.6532,-79.3832
relay.novospes.com,43.6532,-79.3832
nostr.oxtr.dev,50.4754,12.3683
relay.vrtmrz.net,43.6532,-79.3832
relay.guggero.org,46.5971,9.59652
relay01.lnfi.network,35.6764,139.65
nostr.twinkle.lol,51.902,7.6657
relay.edufeed.org,49.4521,11.0767
relay.lanacoin-eternity.com,40.8302,-74.1299
relay.satmaxt.xyz,43.6532,-79.3832
infinity-signal-relay.digitalforlifeagency.workers.dev,43.6532,-79.3832
nostr.rtvslawenia.com:443,49.4543,11.0746
relay.mypathtofire.de,42.8864,-78.8784
public.crostr.com,43.6532,-79.3832
relay.olas.app,60.1699,24.9384
relay.agora.social,50.7383,15.0648
relay.ditto.pub:443,43.6532,-79.3832
nostr.notribe.net,40.8302,-74.1299
nostr.myshosholoza.co.za,52.3676,4.90414
relay.nearhood.co.uk,51.5134,-0.0890675
relay.degmods.com,50.4754,12.3683
bruh.samt.st,43.6532,-79.3832
nostr.spicyz.io,43.6532,-79.3832
nostr.na.social,43.6532,-79.3832
nip85.nosfabrica.com,39.0997,-94.5786
fanfares.nostr1.com,40.7057,-74.0136
relay.scuba323.com,40.8218,-74.45
nostr2.girino.org:443,43.6532,-79.3832
nostr-rs-relay.dev.fedibtc.com:443,39.0438,-77.4874
strfry.shock.network:443,39.0438,-77.4874
nostr.snowbla.de,50.4754,12.3683
nostr.spaceshell.xyz,43.6532,-79.3832
basspistol.org,49.0291,8.35696
chorus.mikedilger.com:444,-36.8906,174.794
nostr.oxtr.dev:443,50.4754,12.3683
nostr.nodesmap.com,59.3327,18.0656
offchain.bostr.online,43.6532,-79.3832
relayrs.notoshi.win:443,43.6532,-79.3832
relay.dreamith.to,43.6532,-79.3832
bendernostur.duckdns.org:8443,50.1109,8.68213
relay.nmail.li,50.9871,2.12554
nostr-relay.corb.net,39.6478,-104.988
relay.staging.plebeian.market:443,51.5072,-0.127586
spamspamspamspam.rest,43.6532,-79.3832
schnorr.me:443,43.6532,-79.3832
nostr-rs-relay.dev.fedibtc.com,39.0438,-77.4874
dm-test-nostr-rs-42-disabled.samt.st,43.6532,-79.3832
relay.nostrmap.net,60.1699,24.9384
nostr.relay.hedwig.sh,60.1699,24.9384
relay.veganostr.com:443,60.1699,24.9384
syb.lol,34.0549,-118.243
relay1.nostrchat.io,60.1699,24.9384
nostr.wecsats.io:443,43.6532,-79.3832
nostr.chaima.info:443,51.5072,-0.127586
nostr.azzamo.net:443,52.2633,21.0283
relay-can.zombi.cloudrodion.com,43.6532,-79.3832
nostr.unkn0wn.world,46.8499,9.53287
relayone.soundhsa.com,39.0997,-94.5786
x.kojira.io,43.6532,-79.3832
relay.primal.net,43.6532,-79.3832
nostr.girino.org,43.6532,-79.3832
nostr.pbfs.io,50.4754,12.3683
relay.gulugulu.moe,43.6532,-79.3832
top.testrelay.top,43.6532,-79.3832
relay.kilombino.com,43.6532,-79.3832
nos.lol:443,50.4754,12.3683
nos.lol,50.4754,12.3683
cache.trustr.ing,43.6548,-79.3885
relay.laantungir.net,-19.4692,-42.5315
relay.lightning.pub:443,39.0438,-77.4874
nostr.stakey.net,52.3676,4.90414
articles.layer3.news,37.3387,-121.885
relay.wisp.talk,49.4543,11.0746
relay.pyramid.li,47.4093,8.46503
dev.relay.stream,43.6532,-79.3832
relay.bullishbounty.com,43.6532,-79.3832
nostr.mom:443,50.4754,12.3683
relay.plebeian.market:443,50.1109,8.68213
relay-dev.gulugulu.moe:443,43.6532,-79.3832
nostr-relay.corb.net:443,39.6478,-104.988
relay.mappingbitcoin.com,43.6532,-79.3832
relay.bitmacro.cloud,43.6532,-79.3832
myvoiceourstory.org,37.3598,-121.981
freelay.sovbit.host,60.1699,24.9384
nostr-dev.wellorder.net,45.5201,-122.99
cs-relay.nostrdev.com,50.4754,12.3683
nostr.janx.com,43.6532,-79.3832
nostr.yutakobayashi.com,43.6532,-79.3832
yabu.me,35.6092,139.73
nostr.wecsats.io,43.6532,-79.3832
nostrride.io,37.3986,-121.964
vault.iris.to,43.6532,-79.3832
relay.ru.ac.th,13.7607,100.627
temp.iris.to,43.6532,-79.3832
social.amanah.eblessing.co,48.1046,11.6002
relay.sincensura.org,43.6532,-79.3832
